consumed_calories,tdee,meals_count,last_meal_hour,calories_remaining,label
3208.7564205377707,2649.01424590337,3,20,-559.7421746344007,1
2828.374182813752,2458.5207096486447,4,23,-369.8534731651075,1
2718.1587093982776,2694.3065614302077,3,19,-23.852147968069858,0
2698.1342458401778,2956.9089569224075,4,19,258.7747110822297,0
2709.0433130284355,2429.7539875829993,4,18,-279.28932544543613,1
2587.1530670839456,2429.7589129152457,5,18,-157.39415416869997,1
3331.8411326633104,2973.7638446522174,4,17,-358.07728801109306,1
2984.2991394186606,2730.2304187458726,3,19,-254.068720672788,1
2778.9787703472484,2359.1576842195145,5,18,-419.8210861277339,1
2448.6739284515625,2662.7680130757894,2,20,214.09408462422698,0
2887.9323184099917,2360.9746921562614,2,18,-526.9576262537303,1
2439.320915805883,2360.281073928923,5,22,-79.03984187696005,1
3402.693030519916,2572.58868146981,3,22,-830.1043490501061,1
1650.3407993668336,1926.0159266026608,2,18,275.6751272358272,0
2676.9101715121897,1982.52465024609,2,19,-694.3855212660997,1
2410.478054612767,2331.3137412277083,4,23,-79.1643133850589,1
1935.5834624538936,2196.150663899673,4,23,260.56720144577935,0
2400.719866156853,2594.274199778582,3,19,193.5543336217288,0
2099.4538540659087,2227.592777343637,5,21,128.13892327772828,0
2245.975268160179,2076.3088895994124,3,23,-169.6663785607666,1
3148.828825890666,2939.694630676466,5,22,-209.13419521419974,1
2202.787108278608,2432.2671098540395,2,20,229.48000157543174,0
2510.516624501984,2520.258461406377,4,19,9.74183690439304,0
2929.4836875807086,2072.575544135963,3,17,-856.9081434447457,1
3027.70245068273,2336.6851826424454,3,22,-691.0172680402848,1
2707.806244782573,2533.27677691296,5,20,-174.52946786961274,1
2169.903318040589,2154.701926773309,5,20,-15.201391267280087,1
2660.721936191006,2612.7094055037014,3,19,-48.01253068730466,1
2565.215582116525,2319.8083930243583,5,20,-245.40718909216685,1
2003.3748489826546,2412.491875062017,3,19,409.1170260793622,0
2216.537401361843,2319.488016331181,3,23,102.95061496933795,0
2388.249825801646,3055.6834553526814,3,18,667.4336295510357,0
2655.6400816207315,2495.9508325786196,2,22,-159.6892490421119,1
2441.5650971943264,2182.68672131323,5,21,-258.8783758810964,1
2553.488888711207,2746.7634736309565,4,18,193.2745849197495,0
2763.3416103247064,2133.7469050086934,4,22,-629.594705316013,1
2072.35281330049,2562.659078501427,5,19,490.30626520093665,1
1326.3490107521393,1912.0989628360674,3,22,585.7499520839281,0
2191.32491275446,2101.544185330471,4,23,-89.78072742398899,1
2977.8976918055987,2559.058370760737,4,19,-418.83932104486166,0
3395.1110505817705,2721.5399739986233,5,18,-673.5710765831473,1
2367.8567792094154,2551.410484356991,4,17,183.55370514757578,0
2896.777848656046,2465.3055152835277,3,17,-431.4723333725183,1
2394.2655035229304,2409.6688913232133,5,22,15.403387800282871,0
1987.392482913444,2056.4434028897717,3,17,69.0509199763278,0
2637.5107124762567,2284.0467374815876,4,19,-353.4639749946691,1
2622.737520077432,2361.808368712064,4,20,-260.92915136536794,1
2186.579805071975,2817.1366678656746,3,19,630.5568627936996,0
3193.7016267608965,2603.0854868705383,2,20,-590.6161398903582,1
2523.1244950501605,1971.0879533911798,4,18,-552.0365416589807,1
2347.0001102146266,2597.2251908184385,2,21,250.22508060381188,0
2542.7967292500684,2384.475315875105,4,20,-158.3214133749634,1
2494.535474421308,2296.9233999082126,2,17,-197.61207451309565,1
2787.772392981823,2683.5028866522603,2,19,-104.26950632956277,1
2589.177795210617,2809.2998567487853,2,18,220.12206153816805,1
2510.734688559639,2779.3840357348595,3,17,268.64934717522056,0
2238.0131146366302,2248.2347430332084,2,18,10.221628396578126,0
2876.3278949483815,2407.2362872446356,2,21,-469.0916077037459,1
2816.8190912588425,2599.3790294210694,2,23,-217.4400618377731,0
2644.417805302265,2792.6635381367078,4,19,148.2457328344426,0
2664.927212905751,2356.247728646413,2,22,-308.67948425933764,1
1304.8852587488248,2444.302307000855,4,19,1139.41704825203,1
2627.6057879470327,2168.0995077981916,2,21,-459.50628014884114,1
1445.252501264559,2141.138012775799,2,19,695.8855115112399,0
2598.7813701570067,2743.7577467182596,3,22,144.9763765612529,0
2459.004050720789,2906.8720085712466,4,20,447.8679578504575,0
1960.5243732375377,2478.3969635259,2,18,517.8725902883623,0
3265.390584319015,2801.0598693676075,4,22,-464.3307149514076,1
2421.4103269895336,2608.4908075142903,4,17,187.0804805247567,0
2445.0656263107494,2306.464073618463,5,21,-138.60155269228653,1
2589.650450100851,2608.4186816525244,3,20,18.76823155167358,0
3152.2273008290395,2961.410969939791,3,17,-190.81633088924855,1
2519.9809446911167,2489.2521882670144,3,17,-30.728756424102357,1
2456.196207068774,2969.393096744202,5,21,513.1968896754279,0
2198.506727778856,1800.0,5,20,-398.5067277788562,1
2549.0681180480424,2746.570751312567,3,23,197.50263326452477,0
1903.4813610075507,2526.1141204714513,5,17,622.6327594639006,0
2239.0517304738746,2410.2977948602397,5,17,171.2460643863651,0
3127.832149214375,2527.5282329606507,5,20,-600.3039162537243,1
2243.8180224651296,1903.7293256197322,3,19,-340.0886968453974,1
2294.6375798856025,2434.0984336487463,3,17,139.46085376314386,0
2467.430689726152,2607.133771453524,3,18,139.70308172737168,0
2814.7141929355016,2943.3682134224546,5,20,128.65402048695296,0
3175.2181279422425,2344.518934517906,3,17,-830.6991934243365,1
2410.226100024665,2257.4519191320437,5,21,-152.7741808926212,0
2521.489545801067,2349.472886924639,2,22,-172.01665887642775,1
3186.734016923359,2774.620635310622,5,18,-412.1133816127367,1
2694.140996508511,2598.6253328979055,4,22,-95.51566361060532,1
2237.4550805416075,2341.0719388698885,3,22,103.61685832828107,0
2575.4402903000155,2653.9802299340067,3,17,78.53993963399125,0
2500.4827610387865,2529.123264804412,4,18,28.640503765625454,0
2775.7046025559303,2790.5934971598667,5,18,14.888894603936478,0
2580.435889291586,2289.384071836794,2,19,-291.05181745479194,1
2422.4797103435894,2401.7013560206697,4,22,-20.778354322919768,1
2675.4235849465845,2382.3675540603526,4,18,-293.05603088623184,1
2028.6588835169316,2060.9455155603646,5,19,32.286632043432974,0
2620.290159245809,2588.8360831193727,3,20,-31.45407612643612,1
1779.0363078411237,2578.3165816539668,5,19,799.280273812843,0
2868.065106873731,2501.5340369927385,4,21,-366.5310698809926,1
2568.219250346653,2429.623859987456,4,23,-138.59539035919715,1
2474.5928213287366,2075.3887773848755,3,17,-399.20404394386105,1
1215.304251892917,2373.8064031703925,3,20,1158.5021512774756,0
3232.53552695426,2397.185645041969,3,23,-835.349881912291,1
2203.480967971445,2259.3168192335143,5,23,55.835851262069355,0
2894.887413195204,2451.614286500197,3,20,-443.2731266950068,1
2205.252886194149,2621.2152570443614,4,21,415.9623708502122,0
3310.965332388187,3065.855770363159,4,19,-245.10956202502803,1
2131.007118580089,2552.3733438495515,2,17,421.3662252694626,0
2327.757532938507,2577.2651172168294,5,19,249.50758427832216,0
3243.2787668168644,2477.66622527015,2,18,-765.6125415467145,1
1848.095675104949,1924.3686354102874,4,19,76.27296030533853,0
2579.0189866371243,2492.045837365235,2,20,-86.97314927188927,1
2866.0961552578096,2518.069062982308,4,17,-348.0270922755017,1
3398.272755189042,3200.0,2,19,-198.27275518904207,0
2502.459272623094,2442.2917105656634,3,17,-60.16756205743059,1
2736.4486036865737,2590.4642027000837,2,17,-145.98440098649007,1
3450.952703183737,2489.586469088427,3,18,-961.3662340953101,1
2126.349069900706,2149.3965887141403,3,18,23.04751881343418,0
2923.2864630404933,2842.846844354506,5,20,-80.43961868598717,1
3145.8416682090774,2725.5799098060324,3,21,-420.26175840304495,1
3179.519957296108,2737.3095841129143,3,23,-442.2103731831935,1
2701.9958857857305,2227.1837635615784,2,17,-474.81212222415206,1
3176.330382092504,2920.83829328083,4,21,-255.49208881167397,1
1622.2427160701222,2079.4446811623156,5,23,457.2019650921934,0
3329.4297410605195,2676.057128140081,3,23,-653.3726129204383,1
2698.5985305355184,3157.1366877429937,5,20,458.53815720747525,0
2323.893288556407,2202.8391024607936,2,23,-121.0541860956132,1
2028.4003411114254,2330.1106811191685,3,23,301.71034000774307,0
2504.2400708890955,2529.8954095262925,2,17,25.65533863719702,0
2480.4622678865326,2348.9573037651403,5,17,-131.50496412139228,1
2163.3438568602696,2034.8009706801602,2,22,-128.54288618010946,1
2689.337194135922,2520.568892441808,5,21,-168.7683016941137,1
2826.793393505627,2181.3088858821684,2,19,-645.4845076234587,1
2823.4914497961463,2642.0777291905542,5,18,-181.41372060559206,1
2126.5100756135994,2224.172729729859,4,19,97.66265411625955,0
3350.6151888206045,2964.9803215052616,2,21,-385.63486731534294,1
2740.8122078689853,2265.024012299129,2,18,-475.78819556985627,1
1912.3384190835004,2403.3815451382975,4,19,491.0431260547971,0
2983.0151931508444,2744.055165210901,4,22,-238.9600279399433,1
2411.2098019941727,2130.7407050698134,2,18,-280.4690969243593,1
2449.212579037242,2568.2379803812387,4,17,119.02540134399669,0
3442.4255516093763,2892.1428262847285,3,19,-550.2827253246478,1
1957.732794818621,2017.7550296316317,5,18,60.022234813010755,0
2605.620738948308,2555.390157559691,5,22,-50.23058138861688,1
2508.7361085609796,2577.964838274527,5,23,69.22872971354764,0
2740.77848056578,2734.546861533193,3,18,-6.231619032586877,1
1690.4047519784947,2128.9147867365755,4,18,438.5100347580808,0
1527.8426630369993,2103.863016074717,4,22,576.0203530377178,0
3294.3844949750583,2656.582469685069,2,23,-637.8020252899892,1
2250.3108626426247,2589.0954019699557,4,19,338.784539327331,0
2178.59091532124,2575.147855103763,2,20,396.55693978252293,0
1742.5784174076066,2603.9344628490926,3,19,861.356045441486,0
2040.4078844506516,2295.9925835264526,5,23,255.58469907580093,0
2040.440191785302,2569.6761091483013,5,21,529.2359173629993,1
3244.727806044152,2587.9217419896045,5,22,-656.8060640545477,0
2689.6214103291436,2285.69457459209,4,19,-403.9268357370538,1
2784.4722152723375,3059.732353343427,2,18,275.2601380710894,0
3543.12419841126,2642.1498762735364,2,22,-900.9743221377234,0
2535.3151456358432,2142.6089508392056,3,17,-392.70619479663765,1
2567.0335291866995,2696.9660825901487,4,23,129.93255340344922,0
1207.833212982374,2207.5954989318034,3,19,999.7622859494293,0
3652.5024101590325,2736.1253811227357,2,22,-916.3770290362968,1
2291.7496869967827,2847.5786737022213,2,19,555.8289867054386,0
1595.6358057117304,2253.795304494487,5,22,658.1594987827566,0
3198.041011577153,2789.0128387732966,4,18,-409.02817280385625,1
3599.7352406166583,2623.8342780809494,2,17,-975.9009625357089,1
3300.327175402554,2746.618047998347,5,17,-553.7091274042073,1
3294.601542817128,3069.0378947961844,4,21,-225.56364802094367,1
2664.285301865253,2426.383565199139,3,22,-237.90173666611418,1
2615.2453742048765,2273.8791506927532,4,19,-341.36622351212327,1
2536.7171070270488,2233.145671112343,4,17,-303.57143591470594,1
2367.733484098119,2255.2569145103685,2,23,-112.47656958775042,1
2518.5499287565194,2476.869487175769,2,17,-41.68044158075054,1
2577.3083412851843,2602.345592444993,4,20,25.037251159808875,0
2281.4214042523354,2583.0072397990057,2,20,301.5858355466703,0
2635.884943964097,2748.154974710807,2,17,112.27003074670984,0
1826.717841885218,2503.900567563372,2,22,677.1827256781542,0
2896.724372429295,2936.060223147195,5,21,39.33585071790003,0
2025.1665071682462,2420.602950028613,5,17,395.4364428603669,0
2758.564273113692,3200.0,4,18,441.4357268863082,0
2759.657864790893,2687.700204329502,2,19,-71.95766046139124,1
2799.653647612955,2242.8527330751153,5,21,-556.8009145378396,1
2546.0588929825917,2178.7322505816664,4,18,-367.32664240092527,1
2016.5414831236849,2644.7417245729557,2,21,628.2002414492708,0
2037.1099097741098,2432.961164402245,3,18,395.85125462813494,0
3090.5086234229143,2714.200148227628,2,19,-376.3084751952865,1
2248.97632995674,2641.9712873720637,2,19,392.9949574153238,0
2388.298066204128,2478.151326202938,5,20,89.85325999880979,0
2465.982724189299,2245.9618845794785,4,22,-220.02083960982054,1
1658.2080506487864,2045.5458325942407,4,18,387.33778194545425,0
2408.1957168382773,2366.0455143798936,5,20,-42.150202458383774,1
2223.30944032976,2756.9196382970417,2,18,533.6101979672817,0
2323.6810656585753,2564.228123239061,3,20,240.54705758048567,0
2254.1911400434187,2126.278366386404,2,19,-127.9127736570149,1
1914.7567843426868,2551.9542777553547,2,21,637.1974934126679,0
2791.7851091028106,2615.595213918651,3,23,-176.18989518415947,1
2226.9876495689878,2234.84276913966,5,20,7.8551195706722865,0
2767.1135135505174,2546.1175317836583,4,18,-220.99598176685913,1
2607.028269159665,2517.4626155338,5,18,-89.5656536258648,1
2702.7650826403506,2157.108910650813,5,23,-545.6561719895376,1
2657.426009163648,2607.336208104485,2,22,-50.08980105916271,1
2496.473141460369,2668.23535791047,4,19,171.76221645010128,0
2873.8343741654967,2824.9153729525833,4,18,-48.91900121291337,1
3033.459827225026,2816.140615610471,5,17,-217.31921161455512,1
2106.243217743154,2086.6991896128725,3,21,-19.54402813028173,0
2234.889164507016,2218.6524880254633,5,20,-16.236676481552877,1
2373.7139050398955,2654.5105801625978,3,22,280.79667512270225,0
2388.9754182532834,2654.135785273663,4,23,265.16036702037945,0
2093.472197171937,2654.5143058918143,5,21,561.0421087198774,0
3899.830697274776,3200.0,2,19,-699.830697274776,1
2173.7218590514362,2671.2671532079503,5,22,497.54529415651405,0
2563.5076129358167,2840.66969205418,4,20,277.1620791183632,0
2498.8376228202815,2786.2005290479606,2,20,287.3629062276791,0
3053.387126169516,2695.4173753917394,2,23,-357.9697507777764,1
2287.439355291085,2405.4192266078962,3,17,117.97987131681111,0
3226.787595217474,2727.6907661479804,2,23,-499.09682906949365,1
1998.7561859411812,2268.1524356387285,2,19,269.3962496975473,0
2540.552082867518,2428.9544179779973,5,22,-111.59766488952073,1
2020.2521143473662,2354.390935651269,4,22,334.1388213039029,0
3382.6218929252523,2524.562241815897,3,18,-858.0596511093554,1
2719.3582023902477,3194.397570002053,5,17,475.0393676118051,0
2063.7487263132866,1939.8204422224755,2,17,-123.92828409081108,1
2959.388809485193,2705.878057112354,2,22,-253.5107523728393,0
2181.704877623704,2016.1852386431046,3,22,-165.5196389805992,1
2284.3053767120864,2358.42044026317,4,21,74.1150635510835,0
2774.756899196839,2826.6851790902097,3,21,51.92827989337047,0
2536.808594520283,2519.284005728639,5,21,-17.524588791643964,1
2117.8757659698126,2176.676566621208,3,17,58.80080065139555,0
2670.960533939973,2285.4088872220095,2,18,-385.55164671796365,1
3588.088525316943,2703.8793246804025,5,20,-884.2092006365406,1
2057.8932964817254,2280.890010484859,2,21,222.99671400313355,0
2017.0163850429615,2564.9375768745927,4,18,547.9211918316312,0
2478.3587326306424,2513.6715519711443,2,23,35.31281934050185,0
3336.4036307799824,2304.5198957182547,2,19,-1031.8837350617277,1
2821.7133996097054,3143.183226797598,3,21,321.4698271878924,1
3345.8224288730303,2690.1757066954033,2,23,-655.646722177627,1
2563.537549633294,1892.4572240027178,5,20,-671.0803256305762,1
2334.50099774763,2555.936294430828,5,19,221.43529668319798,0
2529.0572922435936,2301.4640605694835,4,19,-227.59323167411003,1
3407.088649690282,2755.730000438867,5,20,-651.358649251415,1
2110.5926820751947,2262.2437784701897,3,21,151.65109639499497,0
2384.146923518985,2465.57906755993,4,17,81.43214404094488,0
2418.8238181146794,2651.496183694137,5,20,232.67236557945762,0
2353.8238659738895,2759.7265582510363,3,20,405.9026922771468,0
1880.2000598568645,2139.9110778832674,5,20,259.7110180264028,0
1910.073522542813,2399.6496292477154,5,19,489.5761067049025,0
2371.1497939554038,2357.516406651713,2,18,-13.633387303690597,1
1996.0119378044296,2304.0012302278865,5,23,307.98929242345685,0
3123.150636800628,3029.636272084329,5,17,-93.51436471629904,1
1999.136254806836,2621.4945132882867,3,21,622.3582584814508,0
2254.0869065852694,2121.7348136994865,3,21,-132.3520928857829,1
3108.7701687600024,2775.3585841164327,2,23,-333.41158464356977,1
2339.152602075208,3136.64685910379,5,18,797.4942570285821,0
2959.362206104373,2809.739578165344,2,20,-149.62262793902892,1
2535.2566072031127,2044.1890102137959,5,17,-491.0675969893168,1
1870.8733706636422,2354.7297781401244,4,21,483.8564074764822,0
3549.102299491068,2880.073344755987,4,23,-669.0289547350812,1
2455.3067640607837,2287.6991603143656,2,22,-167.60760374641814,1
2351.141086140505,2633.1458284438686,2,23,282.0047423033634,1
2710.082584965719,2732.390216028801,2,21,22.307631063082226,0
2445.251623535264,2221.920858526575,3,20,-223.330765008689,0
2512.5445497464248,2482.14239318146,3,22,-30.40215656496457,1
2015.5023969785477,1800.0,3,18,-215.50239697854772,1
1824.4142703679668,2192.683707599713,2,17,368.26943723174645,0
2491.973884196483,2424.229554582052,5,18,-67.74432961443108,1
1560.179246648553,2125.665045410545,4,18,565.4857987619921,0
2945.2329666400105,2989.7233911794906,2,23,44.490424539480045,0
1709.3945300258943,2070.9575866118103,3,17,361.563056585916,0
2073.774676954998,2367.986653990905,3,17,294.2119770359068,0
3033.6594432700026,2539.2221731858276,2,21,-494.437270084175,1
3368.906034957542,2932.3819867198345,2,21,-436.5240482377076,1
2312.8966030090387,2069.241354646168,3,17,-243.65524836287068,1
2412.0240197774565,2848.949125646488,5,22,436.92510586903154,0
2376.506538427955,2503.069918305876,3,19,126.56337987792085,0
2690.786484677288,2205.5474046856148,3,21,-485.2390799916734,1
2695.317807734943,2638.631042278981,2,19,-56.686765455961904,1
3487.449724664719,2559.717908672041,5,23,-927.7318159926776,0
2477.2620726101104,2319.9349368523617,3,22,-157.3271357577487,1
2597.7602720930186,2520.940625497006,3,17,-76.81964659601272,1
2260.7593352604713,2384.405920941472,4,22,123.64658568100049,0
2587.4715654882875,2534.0552035753744,2,21,-53.41636191291309,1
2637.6512678040963,2698.639202356314,4,18,60.987934552217666,0
3259.0485155190418,2975.8050448436056,4,23,-283.24347067543613,1
2511.336277069779,2128.6553503519453,3,17,-382.6809267178337,1
2825.5142281937005,3139.91001239688,2,20,314.3957842031796,0
1381.8804787201384,1914.3736601432495,5,23,532.4931814231111,0
1719.9823222480065,2454.464471489325,3,19,734.4821492413187,0
2879.6916927103907,2676.495161945373,5,22,-203.19653076501754,1
2142.9509178509606,2584.29756032051,5,17,441.34664246954935,0
1452.0339068728285,2313.1901440538218,2,23,861.1562371809932,0
2592.994766705203,2437.5633248928175,4,22,-155.4314418123854,1
3349.299526575466,2352.09971960235,2,17,-997.1998069731162,1
2320.762208300779,2323.1905729167365,5,21,2.4283646159574346,0
3090.276938886964,2754.8806291063074,3,23,-335.3963097806568,1
2639.83638920854,2607.104645789514,5,21,-32.73174341902586,0
2252.5712601453465,2292.1271214218036,3,23,39.55586127645711,0
3137.5105558250825,2769.879962629975,3,21,-367.6305931951074,1
2476.0800385875223,2592.1898562629826,2,22,116.10981767546036,0
2850.8155612804494,2743.858635651688,5,20,-106.95692562876138,1
2817.567775055489,2688.8886525770836,4,23,-128.6791224784056,1
1984.065315266159,2251.3014967233785,5,23,267.2361814572196,0
2728.762627755518,2331.945687940909,5,21,-396.8169398146092,1
2654.2041788588153,2724.1880815369786,4,17,69.9839026781633,0
2380.813015832902,2683.1110796300395,2,23,302.29806379713773,0
2708.333459238917,2493.7295218107556,5,21,-214.60393742816132,1
2175.81102227622,2535.198214992635,5,18,359.38719271641503,0
2894.5719316841787,2883.2994687365276,3,21,-11.272462947651093,1
2318.8809846915697,2322.528583349251,5,22,3.647598657681556,0
3098.4874406836425,2664.1292143510113,4,20,-434.35822633263115,1
2629.2214974218127,2439.3422042698317,3,18,-189.87929315198107,1
2424.684855533776,2434.6956390318337,2,22,10.010783498057663,0
3156.7395752762723,2829.633055596157,3,22,-327.10651968011507,1
3303.707924303334,2747.624904696409,4,22,-556.0830196069251,1
2967.1770133409364,2744.0528908001916,4,17,-223.1241225407448,1
2895.7846900836507,2891.6436421462986,3,22,-4.141047937352141,1
1981.5666595497642,2506.301152489828,2,17,524.7344929400638,0
2278.54042615834,2704.585891388489,3,22,426.04546523014915,0
2284.8300912800964,2406.9199730219634,2,19,122.08988174186698,0
2353.4450248828193,2597.2499057465325,3,18,243.80488086371315,0
2386.168562495516,2460.9570836896946,4,19,74.78852119417843,0
2551.758759456658,2529.0987894978152,5,22,-22.659969958842794,1
2890.4242093737666,2678.547107631074,5,18,-211.8771017426925,1
2226.3342838063218,2254.533795029958,2,18,28.199511223636364,0
3322.316840236119,3127.716182705638,2,23,-194.60065753048093,1
2223.9845514741373,2198.1947855500894,2,20,-25.78976592404797,1
1345.5567896221316,2135.74341616368,4,19,790.1866265415485,0
2471.6991045225186,2847.4332620500204,3,20,375.7341575275018,0
2679.8637859002347,2737.498808188881,4,18,57.63502228864627,0
2203.3580479792035,2687.2359451156467,5,17,483.87789713644315,0
2928.4751447777658,2688.503652779284,2,18,-239.97149199848172,1
3108.6263010834045,2496.325968145926,3,20,-612.3003329374787,1
2718.3284292331773,2230.8236885542506,5,19,-487.50474067892674,0
2437.3642190860346,2522.741367458118,5,22,85.37714837208341,0
2893.1419412863474,2296.8514865463667,5,23,-596.2904547399808,1
2852.0029029061698,2792.535920025325,4,23,-59.466982880844625,1
2321.0483971021426,2455.8827855493582,2,23,134.8343884472156,0
2006.9897755458705,2252.3508409622464,5,22,245.36106541637582,0
2282.5963729088503,2403.5842475041018,2,23,120.98787459525147,0
2468.608708866196,2623.8794362826875,4,19,155.27072741649135,0
2399.0491231090023,2330.8826341588074,5,22,-68.16648895019489,1
2317.5634737500163,2253.3338813300707,4,23,-64.22959241994567,1
2574.3245715089392,2573.1061634475736,4,22,-1.2184080613656079,1
2748.2652392311566,2573.4899713326167,2,20,-174.77526789853982,1
2824.175557303198,2347.917047388661,5,19,-476.2585099145367,1
2738.5101624910326,2358.688508314503,4,21,-379.8216541765296,1
1975.6557938273295,2569.614981207291,5,17,593.9591873799613,0
1044.0062435900209,2065.5746975508027,2,23,1021.5684539607819,0
2451.488832182743,2077.7608676870336,4,17,-373.72796449570933,1
1737.7152542581007,2284.466733624269,2,22,546.7514793661685,0
2346.0596937293726,2435.965854486446,5,17,89.9061607570734,0
2125.2270592556574,2593.2722696794012,5,19,468.0452104237438,0
2221.8146900528577,2942.6068650848656,2,19,720.7921750320079,0
2973.882978242521,2757.297886960606,3,18,-216.58509128191508,1
2755.6805051320307,2452.018441010972,4,23,-303.66206412105885,1
2263.690977338506,2494.2951376291935,5,18,230.60416029068756,0
1162.8242737506932,2199.2411906086572,5,17,1036.416916857964,0
2275.94827990129,2494.446059202283,4,21,218.497779300993,0
2570.1240104849767,2413.4024083239583,2,18,-156.72160216101838,1
2005.2509405917754,2596.815568101427,2,18,591.5646275096515,0
2325.174684845965,2251.830716934303,2,19,-73.34396791166228,1
2649.6800146031537,2655.803954272352,3,21,6.12393966919808,0
3191.5382737412087,2959.8216739007735,3,22,-231.71659984043526,1
2515.2041028286044,2467.371955462943,5,17,-47.83214736566151,1
2231.28594027706,2620.5135166296823,2,18,389.22757635262224,0
3185.6717981791303,2707.043197513334,4,21,-478.6286006657965,1
2316.2220292234615,2379.6338584342493,5,23,63.4118292107878,0
2556.3059287391525,2567.227744543125,4,21,10.92181580397255,0
2130.47053660526,2503.7777202345383,5,17,373.30718362927837,0
2351.9899290880453,2529.3028295646495,3,21,177.31290047660423,0
1914.1759792325995,2268.09706484336,5,21,353.92108561076043,0
2438.1746283083135,2507.3530522776828,3,21,69.1784239693693,0
3334.0828794305726,2649.399487373635,5,23,-684.6833920569375,1
2386.58262516597,2935.3430823385124,2,18,548.7604571725424,0
2142.3566886748654,2787.781247825562,4,17,645.4245591506965,0
3734.4228682509106,3145.954737253467,2,23,-588.4681309974435,1
2186.0662602728385,2269.795731133585,5,21,83.72947086074646,0
2494.067095552237,2761.6961910162036,5,21,267.6290954639667,0
2970.964476679936,2555.0026017215055,5,18,-415.9618749584306,1
2914.694664070556,3156.9408799653015,3,17,242.24621589474555,0
2987.914399812229,2257.5105143934547,4,19,-730.4038854187743,1
2519.2537958814746,2248.083447345767,4,23,-271.1703485357075,1
2125.017643108512,2320.1822063667933,5,18,195.1645632582813,0
2725.7545680132594,1862.8312827070579,5,17,-862.9232853062015,0
2099.9875242944363,2342.2734934957716,3,23,242.28596920133532,0
2569.0983503376137,2272.2602015338907,2,21,-296.838148803723,1
2664.835168105459,2545.1181359428624,2,17,-119.71703216259675,1
3123.223308492667,2602.526792733148,4,17,-520.6965157595191,1
3687.455730455507,3062.851251764766,3,22,-624.604478690741,1
2797.9288110821217,2785.1271514558152,5,17,-12.801659626306446,1
2025.5617551628059,2326.928903301279,4,19,301.36714813847334,0
2414.464455771139,2230.4755985954926,3,17,-183.98885717564644,1
2376.489603551109,2647.575751451952,2,19,271.08614790084266,0
2909.2849369044566,2103.9300378938074,3,21,-805.3548990106492,1
3104.0517621894014,3049.4376297563063,2,19,-54.614132433095165,1
2707.7034156915424,2853.832036216386,3,23,146.12862052484343,1
2433.119426714552,2359.2473043685886,4,21,-73.87212234596336,1
1447.209125460858,1986.0596412727368,2,21,538.8505158118787,1
2517.516096845363,2906.1617122496236,4,19,388.64561540426075,0
2945.803609601985,2465.6380464242147,4,18,-480.1655631777703,1
2608.5871820034804,2871.3448935920387,2,20,262.7577115885583,0
1602.907309288914,2021.6717023616898,2,17,418.7643930727759,0
2534.8485941247827,2320.187493113868,5,22,-214.66110101091454,1
2975.8547717806537,2501.573109915455,5,20,-474.28166186519866,1
2801.6755023954493,2514.0941781294227,5,17,-287.5813242660265,1
2763.3994328785534,2364.9803585562267,4,17,-398.41907432232665,1
2384.1369442764653,2686.8549797042497,4,21,302.71803542778434,0
1610.9896044884842,2179.7138711852217,5,17,568.7242666967375,0
3057.8196152758064,2457.286154493612,4,22,-600.5334607821947,1
2407.0167539767153,2536.0886895135695,4,17,129.0719355368542,0
2553.998443635606,2654.331650217625,2,19,100.3332065820191,0
3244.76212016629,2713.484463426667,2,20,-531.2776567396231,1
2385.099376208903,2162.607372448639,4,19,-222.49200376026374,1
2222.120857611956,2039.7657487793133,5,22,-182.35510883264283,1
3749.3039845299863,2883.303046569553,3,17,-866.0009379604335,1
2342.28691144182,2599.6942035938773,5,23,257.4072921520574,0
2646.590090265529,2275.454039033034,3,22,-371.136051232495,1
2988.1508426155906,2965.3455926567567,5,21,-22.805249958833883,1
2642.1393018331605,2534.7023902878577,2,19,-107.43691154530279,1
3465.1765257841603,2853.7891552191477,4,19,-611.3873705650126,1
2723.389846938882,2520.2555444230325,4,18,-203.1343025158494,1
3333.5428090844493,3118.2243774645963,2,17,-215.31843161985307,1
3455.605187656882,3026.6022527329615,3,21,-429.00293492392075,1
2279.3296636391237,2425.310755456278,3,23,145.98109181715427,0
2455.7874183507042,2791.4712852863067,3,19,335.6838669356025,0
2275.6891072671306,2693.612784875544,2,19,417.9236776084135,0
2124.046831509304,2910.5894672597046,3,21,786.5426357504007,0
3033.0058138020977,2210.5229618259687,2,22,-822.482851976129,1
2264.5320917108584,2705.8154379995317,5,22,441.28334628867333,0
2729.025896620568,2817.5273460548765,5,17,88.5014494343086,0
1861.6528341174974,1972.3781540730656,2,18,110.72531995556824,0
2267.9851253239076,2145.0224462002675,4,19,-122.9626791236401,1
2214.5252316876886,1888.23034667197,5,18,-326.2948850157186,1
2763.3673450105307,2419.1779496666327,3,22,-344.189395343898,1
2482.0317013112135,2715.2626767387887,2,22,233.23097542757523,0
2883.8584301142437,2950.7071156288084,3,20,66.84868551456475,0
2635.260414321252,2522.2284341259324,3,23,-113.03198019531965,1
2889.108213197969,2988.5846636713877,4,17,99.47645047341894,0
2728.90779294353,2085.9695625355325,3,20,-642.9382304079973,1
2185.375248848754,1988.9852681934535,4,23,-196.3899806553004,1
2777.2868047509414,2483.3356903310146,5,20,-293.95111441992685,1
2880.372142148757,2615.2196346817923,2,20,-265.15250746696483,1
2959.5811185659018,2490.191575571772,3,17,-469.3895429941299,1
1952.1759934695197,1879.767369988037,2,17,-72.40862348148266,1
1954.531208963825,2473.2639881461637,3,21,518.7327791823386,0
2268.534330549601,2108.659149848544,2,18,-159.8751807010567,1
2440.3590071322797,2700.9017646490115,3,18,260.54275751673185,0
2398.5328011291517,2609.9794738290543,3,21,211.4466726999026,0
2452.5816716038307,2218.0360641017933,3,21,-234.54560750203746,1
2841.153153372446,2345.839924798992,3,22,-495.3132285734541,1
2190.744574127739,2182.2359434333143,3,23,-8.508630694424482,1
2604.729475857634,2481.1962708180486,3,20,-123.53320503958548,1
3467.4286740044663,2786.5426961503713,3,21,-680.885977854095,1
2300.5834578947643,2204.2821860993367,3,19,-96.30127179542751,1
3691.8872003275114,2651.2139546553535,3,18,-1040.673245672158,1
2567.1265727408854,2340.922714488268,2,21,-226.20385825261747,1
1557.83304665897,2262.138150321297,4,19,704.3051036623269,0
2769.2275404554457,2467.8908920136328,3,19,-301.33664844181294,1
2341.8906572272986,2189.4273032741876,4,19,-152.46335395311098,1
2849.8063100289437,2333.9052083958454,3,22,-515.9011016330983,1
2409.9091727313285,2140.6366322233453,3,22,-269.2725405079832,1
3034.035146281407,3089.4175398749167,2,19,55.38239359350973,0
2020.8597710757722,2510.5790655915184,5,23,489.71929451574624,0
2206.4730446878143,2290.082347602224,5,22,83.60930291440991,0
2223.985791536547,2564.193973220267,2,20,340.2081816837199,0
2234.0922051708617,2466.301585092751,4,19,232.2093799218892,0
2669.140481908277,2433.709120140033,5,20,-235.43136176824373,1
3352.2118117535897,2684.2500100130273,2,20,-667.9618017405624,1
2885.120924943384,2727.2523130141917,2,19,-157.8686119291924,1
1862.4964309027682,2340.849655716842,5,18,478.35322481407366,0
2505.0955950946523,2327.254527806596,4,23,-177.84106728805637,1
2896.1370855127675,2417.484490854507,2,19,-478.65259465826057,1
1565.5104888515718,1809.4236505793247,3,19,243.91316172775282,0
1991.8358146712671,2045.4426813404343,4,22,53.606866669167175,0
2915.937558125036,2910.0622802333573,4,19,-5.8752778916787065,1
2679.5309888174893,2993.490314050385,5,18,313.95932523289594,0
2684.60136167063,2425.2891881330866,5,22,-259.31217353754346,1
2624.5878294736176,2672.96708891673,3,17,48.37925944311246,0
2761.188023925872,2593.375046363061,2,17,-167.81297756281128,1
2845.0031288791597,3200.0,5,20,354.9968711208403,0
2660.889153301009,2835.8724734303732,5,23,174.98332012936407,0
2750.5772656868785,2461.62472255577,4,20,-288.95254313110854,1
2064.2046069831654,2213.3378678198724,5,18,149.133260836707,0
2708.8516444160905,2018.0661039227282,5,21,-690.7855404933623,1
2401.184616514326,2561.039090760167,5,23,159.85447424584072,0
2362.9686667154633,2273.094776414709,5,17,-89.87389030075428,1
2446.3602198699336,2073.3238871206977,4,20,-373.03633274923595,1
1738.6818415540295,2306.028134727242,3,17,567.3462931732126,0
1471.2120741233712,2175.5355989156815,3,18,704.3235247923103,0
2395.8799646937314,3006.1424905217696,2,18,610.2625258280382,0
3269.525568455708,2764.491927084835,5,21,-505.03364137087283,1
2276.8649492480363,2497.6082076050147,4,21,220.74325835697846,0
3967.2629559343086,2943.983241667008,2,22,-1023.2797142673007,1
2297.5114528313297,2523.2104922942854,2,23,225.69903946295562,0
2315.4352608803356,2241.614739601521,3,18,-73.8205212788148,1
3573.7812042080473,2956.937223180897,4,20,-616.8439810271502,1
3464.1101683690467,2661.673013105398,4,17,-802.437155263649,1
3013.427584356622,2188.826153702063,4,19,-824.601430654559,1
2926.2448888121744,2442.8983965749176,3,21,-483.3464922372568,1
2646.939534309158,2237.314523984573,3,19,-409.62501032458476,1
2322.1708603911725,2085.1600807106993,3,20,-237.0107796804732,1
3089.1976947261473,2777.8532642594923,3,21,-311.344430466655,1
2852.350705609626,3072.8249921410393,3,19,220.47428653141333,0
1753.150174485335,2080.4297278542576,5,23,327.27955336892273,0
2667.5409880427906,2668.890771007171,5,20,1.3497829643806654,0
2236.7333802534804,2304.807229263452,4,17,68.07384900997158,0
2172.571165139681,2353.862384870591,2,23,181.29121973091014,0
2600.836801711025,2322.281822728339,4,20,-278.55497898268595,1
2622.9248525242597,2240.8027690960553,2,22,-382.1220834282044,1
2549.919242900187,2514.556488383448,3,21,-35.36275451673873,1
2841.7269974987935,2250.7149650766887,2,18,-591.0120324221048,1
2124.4614020805493,2581.1370477339515,4,17,456.67564565340217,0
2407.4647834533716,2484.9285671652588,4,23,77.46378371188712,0
2141.586657698955,2428.315585940077,2,23,286.72892824112205,0
1481.1162545582965,2227.7309013875206,5,19,746.6146468292241,0
2293.8963264924205,2326.9686008295002,3,21,33.07227433707976,0
2677.9183643944134,2726.617367747727,3,18,48.6990033533134,0
3255.6550535841666,2650.275156287314,4,20,-605.3798972968525,0
2459.0581003823454,2206.7334265604345,5,18,-252.3246738219109,1
2120.124961897086,2529.799691628768,2,21,409.67472973168196,0
3467.053163545212,2725.4161370115366,3,21,-741.6370265336755,1
2487.5918938737295,1999.1784156635886,5,22,-488.41347821014097,1
2895.847139101427,2663.0080577139806,3,22,-232.83908138744619,1
2210.6192327763133,2301.212872316246,5,18,90.59363953993261,0
2287.403905888556,2671.179600577948,5,20,383.7756946893919,0
2122.139542608824,2271.022253037245,4,18,148.88271042842098,0
2394.0348176823186,1958.5353698006443,3,21,-435.4994478816743,1
2765.5717910088947,2011.7372686350511,2,21,-753.8345223738436,1
3131.72289530729,2514.4254839984146,4,19,-617.2974113088753,1
2382.376981801935,2577.9167505164446,4,22,195.5397687145096,0
1780.8580391530732,2228.7050124686775,2,19,447.8469733156044,0
2747.9322363976935,2691.577737633212,4,17,-56.35449876448138,1
1294.1682350941715,2001.543981319312,5,21,707.3757462251406,0
2609.4431460797177,2480.176060405805,5,19,-129.2670856739128,1
2077.6541055517955,2136.695140071263,3,18,59.0410345194673,0
2118.034566912055,2304.449167659352,3,22,186.41460074729684,0
1876.338374488206,2514.219601394924,2,22,637.8812269067182,0
2447.316033042701,2241.875990414814,3,20,-205.44004262788667,1
2171.553000866288,2384.6333367310526,5,18,213.0803358647645,0
2333.921108480217,2801.887842764332,2,20,467.9667342841153,0
1178.0275538303958,2326.9324391430555,2,19,1148.9048853126596,0
2739.7016715992877,2750.7076336195423,3,23,11.005962020254628,0
2869.988582270612,2161.0879436027144,5,17,-708.9006386678975,1
3323.444939193733,2658.941253374585,2,18,-664.5036858191479,1
2749.6320835628617,2932.4705861973703,5,18,182.8385026345086,0
1559.1151758552878,1800.0,5,18,240.88482414471218,0
2448.4411257888664,2260.931423358857,5,20,-187.50970243000938,1
2273.7674624788456,2673.121638154162,3,19,399.3541756753166,0
2559.8031441148887,2439.0863841871023,4,18,-120.71675992778637,1
2917.775873365269,2611.3437620113928,4,23,-306.4321113538763,1
2809.5777335389766,2318.804443985254,2,18,-490.77328955372286,1
2485.915305649889,2525.97693624187,5,22,40.06163059198116,0
2371.82732931159,2453.296829382376,3,17,81.46950007078613,0
2499.1415837953177,2850.3346184979423,5,22,351.1930347026246,1
2245.57411137442,2576.326252990364,5,22,330.75214161594386,0
2510.68924186195,2601.2807986225607,3,17,90.59155676061073,0
2523.383112889731,2376.4369101632597,4,23,-146.94620272647126,1
2719.1519832715517,2353.718132778252,5,19,-365.4338504932998,1
2048.9609633819755,2370.2325436541137,5,22,321.2715802721382,0
3215.4110702972976,2618.335642713489,4,19,-597.0754275838085,1
2265.255215336894,2373.704655753921,3,22,108.44944041702729,1
2578.3855393295494,2586.9324570689237,2,21,8.546917739374294,0
2823.7355679345023,3122.6202395936316,4,17,298.88467165912925,0
1791.6413069203309,2761.3374110295076,2,22,969.6961041091768,0
2755.811098894068,2402.192940349648,2,21,-353.6181585444201,1
3155.1017354861565,2860.3641766491833,4,20,-294.7375588369732,1
2265.046365246249,2377.5773880935344,5,21,112.53102284728539,0
1915.3589263365927,1888.562639446644,2,18,-26.79628688994876,1
2403.9497938064183,2197.5741067247786,2,22,-206.37568708163963,1
1313.7440809376262,1938.7624236922434,3,21,625.0183427546172,0
2182.92488384909,2394.5459547876076,5,19,211.62107093851773,0
2823.2313856055966,2505.5255137568656,2,20,-317.705871848731,1
2501.215424414885,3002.9311936825848,3,23,501.71576926769967,0
2715.5013849959005,2598.0782121292486,5,22,-117.42317286665184,1
1891.6371195079787,2434.2698413573407,4,18,542.632721849362,0
2935.393667328457,2748.8216743550465,4,23,-186.5719929734105,1
1822.402814378641,1836.6594072976345,3,21,14.25659291899342,0
1924.6316410703657,2570.6843674325696,4,23,646.0527263622039,0
3197.1552999489586,2731.25955816609,2,23,-465.89574178286875,1
1762.587495546828,2056.4241262660476,5,20,293.83663071921956,0
2519.0252381563264,2843.1262129620786,2,23,324.10097480575223,0
2681.7766011407016,2601.5489222483243,2,23,-80.2276788923773,1
2834.8685656012453,2375.4136258297594,4,22,-459.4549397714859,1
2283.5058322405266,2689.8345598318856,2,20,406.328727591359,0
3205.8797972805073,3181.2078573413187,4,18,-24.671939939188633,1
2726.086476649778,2554.5598765175487,5,21,-171.5266001322293,1
2851.7084187953583,2574.4661758901007,5,20,-277.2422429052576,1
2432.768352248817,2362.1917301379267,2,20,-70.57662211089018,1
2098.2355535272336,2245.0466891605624,3,17,146.81113563332883,0
2418.064656703786,2749.100744963274,4,20,331.03608825948777,0
2277.6324054458896,2243.1748522273397,4,17,-34.45755321854995,1
2092.614266371575,2521.469871165818,2,21,428.85560479424294,0
1188.162572572622,2356.702765970465,4,23,1168.540193397843,0
2818.3178693869845,2643.6939477239175,4,22,-174.623921663067,1
2961.6725680205627,2600.0986315860846,3,22,-361.5739364344781,1
1866.0890090606345,2811.26198327737,3,21,945.1729742167354,0
1943.1027984596008,2346.995080343576,2,21,403.8922818839751,0
2666.699223814068,2419.037519411989,3,19,-247.66170440207907,1
3029.3690731499873,2206.3708852653076,2,23,-822.9981878846797,1
2375.0295050473296,2366.7120219771664,5,21,-8.317483070163235,1
2321.988971421802,2613.190147913456,2,20,291.20117649165377,0
2653.9380085516696,2727.0965849936056,5,22,73.15857644193602,0
2773.3009704059864,2223.3504027467125,2,18,-549.9505676592739,1
2502.496104381884,2760.881776031698,4,22,258.38567164981396,0
2587.014554981384,2906.6913576414854,3,17,319.6768026601012,1
2430.9330620942974,2624.0304709671104,5,22,193.09740887281305,0
2681.707300463935,3063.03874376742,2,19,381.3314433034848,0
2316.9313666668463,2267.863240268928,3,23,-49.06812639791815,1
2776.474972394399,2126.603589006575,2,21,-649.8713833878242,1
2095.6156345751283,1966.3839253287165,3,23,-129.2317092464118,1
2847.87189259624,2948.813293446755,3,21,100.94140085051504,0
2579.5851893399995,2696.309696906217,2,22,116.72450756621765,0
1858.0482752482005,2483.3245987268633,5,18,625.2763234786628,0
2937.23449875481,2583.990587895946,5,18,-353.2439108588637,1
2131.2184070053663,2162.3532858104873,4,19,31.134878805120934,0
3127.80803456375,3200.0,3,17,72.19196543625003,0
3816.009381730513,2538.7663545925684,4,22,-1277.2430271379444,1
2652.3196017277423,2532.818438381468,4,21,-119.50116334627455,1
2417.013567131534,2717.7299871696077,2,22,300.7164200380739,0
2473.7597310387964,2644.302769521014,2,19,170.54303848221753,0
3026.5434909624414,2567.1652072837396,2,20,-459.3782836787018,1
2308.1658275815125,2262.8576633664065,3,20,-45.30816421510599,1
2066.129315813852,2641.4405071407987,2,19,575.3111913269468,0
3432.2989227725916,3064.6073489425103,2,21,-367.6915738300813,1
2636.3683796308956,2903.626013846493,3,23,267.2576342155976,0
3727.275098478837,2977.9559879918193,3,19,-749.319110487018,1
2778.654523356504,2346.6352970706444,5,21,-432.01922628585953,1
2024.1897956589253,2203.1185539224257,2,18,178.9287582635004,0
2974.6704686641506,2462.2639239701057,2,19,-512.4065446940449,1
2543.8596778975693,2516.717473686608,2,21,-27.142204210961154,1
3169.3669255901727,2828.257455541285,5,19,-341.10947004888794,1
2186.153738003344,1992.2606110855543,2,19,-193.8931269177899,1
2620.3224338418345,2958.865095838184,5,23,338.5426619963496,0
2195.177697499318,2452.597630426303,4,23,257.419932926985,0
2783.9200060482385,2371.935679015774,5,21,-411.98432703246453,1
2062.4585545793334,2196.3686874219497,4,21,133.91013284261635,0
1842.0836131434705,2003.5429984402692,2,17,161.4593852967987,0
2364.902143448833,2746.9511751885743,4,19,382.04903173974117,0
2691.4350163939057,2521.9953901565214,5,20,-169.43962623738435,1
2938.0216977749415,2113.0117300776838,3,19,-825.0099676972577,1
1684.463202679206,2111.476368380915,4,19,427.0131657017091,0
2408.952372882065,2399.2645902129616,4,21,-9.687782669103399,1
3565.5946797529896,3000.706457586818,2,19,-564.8882221661715,1
2390.2660380926327,2422.1225945909187,5,22,31.856556498285954,0
2230.0058325644613,2049.057114064568,4,19,-180.9487184998934,1
2001.3196695154647,2426.2770807742168,4,22,424.957411258752,0
2589.505767958758,2418.1829290756987,4,23,-171.32283888305938,1
1725.1422939981805,1800.0,4,20,74.85770600181945,0
2878.0035383166014,2483.7115400446564,3,21,-394.291998271945,1
2905.674061563297,2430.7196409373964,5,19,-474.95442062590064,1
3744.687366251471,2708.8619094440255,2,22,-1035.8254568074453,1
3286.5400977690338,3054.6868284836037,2,22,-231.8532692854301,1
2968.2880354971935,2837.969508864327,3,23,-130.31852663286645,1
2497.0871134644854,2419.333392833551,5,22,-77.75372063093437,1
2026.7757102532235,2168.042227377499,4,18,141.26651712427542,0
3335.3935373846766,3200.0,3,17,-135.39353738467662,1
2399.6049661487345,2517.7655302043463,5,20,118.16056405561176,0
2571.5631780817293,2504.1787875738837,4,23,-67.38439050784564,1
3019.801488110183,2492.7624738669992,3,23,-527.0390142431838,1
2156.8084021185,2559.4254282303564,5,19,402.6170261118564,0
2912.643300874435,2456.691876422817,2,18,-455.9514244516181,1
2854.7474248718754,2327.9013979359293,2,19,-526.8460269359462,1
2288.714906831451,2335.9423176278824,5,19,47.227410796431286,0
1641.4320593317625,2490.1740189352004,2,21,848.7419596034379,0
2093.8437738220973,2336.9725686598704,5,21,243.12879483777306,0
2804.9440838212945,2286.146265196851,4,21,-518.7978186244436,1
2522.7818433880166,2531.929068307569,5,18,9.147224919552627,0
2023.7859418557791,2423.5068347737433,4,19,399.7208929179642,0
2749.2879280835195,2951.1978965748067,3,17,201.90996849128715,0
2136.248010601821,1800.0,5,20,-336.2480106018211,1
3046.14548285729,2827.4520555767385,3,21,-218.69342728055153,1
2778.252718081411,2873.8255577492887,2,21,95.57283966787782,0
1731.2531655516802,1877.9829302775552,4,23,146.72976472587493,0
2240.490462158367,2397.1937217758955,5,19,156.7032596175286,0
2019.6036664018616,2388.5677402012625,3,19,368.9640737994009,0
2723.89676737243,2077.7464915846535,4,18,-646.1502757877765,1
2137.726806038201,2266.6549937227373,4,18,128.92818768453617,0
2653.69065469045,2166.8272463602516,2,21,-486.8634083301986,1
3634.2075537960673,3025.6811330270866,2,19,-608.5264207689806,1
3180.0278772034226,2780.7035179442382,4,17,-399.32435925918435,1
2708.818403411028,2881.4665284982475,4,20,172.64812508721934,0
2877.9936553476145,2716.5016192129706,5,19,-161.49203613464397,1
2151.6062260784647,2161.2844686348312,4,23,9.678242556366513,0
1981.1631758240167,2342.643920116068,5,19,361.4807442920512,0
2776.5560810570164,2646.8123683683752,4,22,-129.74371268864115,1
1661.7457408684952,2133.361657332416,2,18,471.61591646392094,1
3188.971284436342,2713.8995290517164,5,23,-475.0717553846257,1
2242.055461633202,2427.9023805525594,3,20,185.84691891935745,0
2468.017620084256,2387.5537577351206,2,21,-80.46386234913552,1
2826.603139079504,2713.2879904610472,5,23,-113.31514861845699,1
2529.717003964181,2633.278993445812,5,19,103.56198948163092,0
2626.387670844386,2391.710150254276,3,21,-234.6775205901099,1
2657.837478360265,2847.7989410092746,5,19,189.96146264900972,0
2524.1999207029285,2175.681001720031,4,21,-348.5189189828975,1
2146.38880998458,2684.7806820832793,3,20,538.3918720986994,0
2728.48220920908,2677.9303773905153,2,18,-50.55183181856455,0
3182.707667829117,2407.136068205803,2,20,-775.5715996233139,1
2197.707376830406,2597.8399066726356,4,22,400.1325298422298,0
1853.5679388744688,2124.6659270844093,2,17,271.09798820994047,0
2982.7712456256363,2777.2081057620703,5,18,-205.563139863566,1
2516.3620718429424,2444.529359067103,5,20,-71.83271277583935,1
2483.4351335537117,2343.183093844288,4,22,-140.25203970942357,1
3010.3776198101323,2814.702767751067,2,17,-195.67485205906542,1
2542.58548026188,2288.696892837172,2,22,-253.88858742470802,1
2521.3415478734214,2077.461611090932,4,19,-443.8799367824895,1
2196.938710714234,2033.011247942829,3,19,-163.92746277140486,1
2585.2999235562747,2681.8029854036918,2,21,96.50306184741703,0
2384.9006747322073,2115.871194251115,3,18,-269.0294804810924,1
3786.3910285533957,3026.4382545953094,2,19,-759.9527739580863,1
1822.367679081854,1875.4211776348834,2,23,53.053498553029385,0
2619.125188618755,3008.9369104870116,2,22,389.8117218682564,0
3006.1375078755746,2563.3052401607856,2,18,-442.83226771478894,1
2422.833600857443,2470.986066438882,5,23,48.15246558143917,0
1467.4564555517004,2336.524273957315,3,19,869.0678184056146,0
2958.70950516579,2619.7408343056213,3,21,-338.96867086016846,1
2274.5783148909763,2488.7095892725456,2,20,214.13127438156926,0
2794.777251683292,2830.9905646049565,2,21,36.21331292166451,0
2667.0604268262177,2534.268294598612,3,23,-132.79213222760563,1
2621.2904003501894,2545.090528438563,5,17,-76.19987191162636,1
2674.697063191459,2390.9163363358434,4,19,-283.78072685561574,1
2308.7217646557424,2482.91631288368,4,23,174.1945482279375,0
2797.582849938051,2592.3405306676177,3,17,-205.2423192704332,1
1883.1308111694455,1986.9494822030124,2,17,103.81867103356694,0
2391.068565723287,2095.544373368286,2,22,-295.5241923550011,1
2969.126221812036,2722.9792282068147,5,18,-246.14699360522127,1
2177.0841506205447,2551.2596314383827,4,22,374.175480817838,0
2879.1978455642093,2444.8049990941963,5,19,-434.39284647001296,1
2291.144801873999,2505.530179919618,4,17,214.3853780456193,0
2927.497630920959,2604.274511608501,3,23,-323.22311931245804,1
2484.987021267728,2338.0720959071914,4,20,-146.91492536053647,1
3001.782053097355,2266.508582379306,5,17,-735.2734707180489,0
2469.367183580564,2558.7535765293046,5,23,89.38639294874065,0
2066.7614482682116,2206.4881667154905,5,20,139.72671844727893,0
2614.7079843592487,2622.4758267143416,3,22,7.767842355092853,0
1867.9530055949378,1989.224918728648,4,22,121.27191313371009,0
3128.723451974513,2808.746691197693,4,18,-319.9767607768199,1
1995.2550013492778,2641.779244723913,5,23,646.5242433746353,1
2155.335952635621,2576.808920294163,4,17,421.4729676585416,0
2367.686126551977,2794.8072951836543,2,21,427.1211686316774,0
3379.7653701282034,2999.642333338773,2,22,-380.12303678943044,1
3488.5563685382094,2804.311019505439,2,22,-684.2453490327703,1
1905.958043185518,1947.7377306005064,4,18,41.77968741498853,0
2048.5982207032853,2116.1269099792894,3,20,67.52868927600412,0
2340.5752919365686,2312.554426691296,3,18,-28.02086524527249,1
2972.5786361065266,2507.8273150632504,3,17,-464.7513210432762,1
2284.356452464507,2655.297706140737,3,23,370.94125367622973,0
2377.624449147874,2282.2768560539603,2,19,-95.34759309391393,1
2946.1090812560956,2556.0300293431237,2,19,-390.07905191297186,1
2473.822788269941,2273.385120294003,5,23,-200.43766797593798,1
2392.377305741913,2316.5446591024156,4,20,-75.8326466394974,1
2478.4201079723894,2078.001670945533,4,22,-400.4184370268563,1
1141.7371089670341,2223.030026166729,3,20,1081.2929171996948,0
2365.644746127463,2094.4946183151,2,22,-271.1501278123628,1
1945.6077508558308,2207.2380241068004,3,22,261.6302732509696,0
2083.839380239769,2816.092538982352,5,19,732.2531587425829,0
2419.6613731604093,2215.180333350417,4,20,-204.48103980999213,1
3749.463418065183,3200.0,4,18,-549.4634180651829,1
2593.0159644131904,2647.995370264267,3,22,54.979405851076535,0
2936.6006559896377,2555.450837108462,5,21,-381.14981888117563,1
2887.4039691410944,2242.492665945636,4,21,-644.9113031954585,1
3236.058745256317,2710.0929638226976,5,18,-525.9657814336192,1
2983.294463877225,2327.3086521286677,5,21,-655.9858117485574,0
2833.4539408223654,2536.6029443936086,3,17,-296.85099642875684,0
3230.173455560637,3200.0,2,22,-30.173455560637194,1
1830.3957053237377,2471.1820300826053,3,18,640.7863247588675,0
2746.3570026337234,2844.781997885703,2,20,98.42499525197945,1
1951.7484343357569,2289.0470724622337,5,22,337.2986381264768,0
3357.8805398500367,2489.5034528509113,2,18,-868.3770869991254,1
2960.8858657177184,3031.240190690653,5,19,70.35432497293459,0
2361.191805377464,2311.9098826636696,4,20,-49.2819227137943,0
3264.3287178152655,3043.7345673990785,4,19,-220.59415041618695,1
2729.7665591856244,2712.325580636643,4,22,-17.440978548981548,1
3009.280383404021,2331.2599672317197,3,20,-678.0204161723013,1
2440.662577022875,2689.722321716656,3,21,249.05974469378089,0
2869.609316982916,2791.7663348880187,5,18,-77.84298209489725,1
2389.5547543859398,2686.542988665159,4,22,296.98823427921934,0
1500.9235795445807,2028.9325840328631,3,17,528.0090044882825,0
2037.1512108904253,2281.8588472525394,4,20,244.70763636211404,0
2410.9296905151837,2425.7444093345484,3,20,14.81471881936477,1
2305.949081463082,2477.669971269986,2,23,171.72088980690387,0
2409.233237315661,2686.2016292652033,2,22,276.96839194954237,0
1990.7833148112427,2553.310300279976,4,22,562.5269854687335,0
2066.154463335492,2099.39669238697,5,19,33.24222905147781,0
2012.171205689388,2614.059355301789,3,23,601.8881496124009,0
2987.198109060988,2683.175723585147,3,21,-304.022385475841,1
2700.9130355531133,2667.937134379312,2,19,-32.9759011738015,1
2241.2136178804144,2824.2342176663865,2,23,583.0205997859721,0
2626.493015544726,2750.1766463646713,5,19,123.68363081994539,0
2336.891461532298,2637.754023768531,5,21,300.8625622362333,0
2606.620090730078,2478.950286562406,5,23,-127.66980416767228,1
2537.8918983544604,2001.7117199452025,4,23,-536.1801784092579,1
1878.8164778814776,2628.8854657397756,2,17,750.068987858298,0
2608.3167378079,2562.3063061489333,4,19,-46.01043165896681,1
2517.4205329319557,2581.473651158612,2,19,64.05311822665635,0
2385.5114578340936,2116.975427253907,2,20,-268.53603058018643,1
2260.961689172597,2175.683037877521,3,21,-85.27865129507563,1
2515.1581233043435,2815.945855999871,2,18,300.78773269552767,0
2360.511879576356,2488.1334538430033,2,17,127.62157426664726,0
2386.0398664903914,2704.4502092117873,4,23,318.41034272139586,0
2938.898368278578,2508.4955128391384,2,23,-430.40285543943946,1
2517.4515013175005,2508.9268418487236,4,23,-8.524659468776917,1
3541.9614160940023,2781.4851417927994,5,17,-760.4762743012029,1
2320.9222560089397,2345.186581534788,2,23,24.264325525848108,0
2245.47352631811,2528.836233082295,2,23,283.3627067641851,0
1755.8316563433564,2361.3174133884872,4,21,605.4857570451309,0
1648.3952612679273,2369.6511317703053,5,22,721.255870502378,0
1773.593985757212,2407.248362959408,3,22,633.654377202196,0
2673.4907918947074,2566.640131490114,5,20,-106.85066040459333,1
2559.86542279293,2356.3754135009567,4,20,-203.49000929197337,1
2244.250556859203,2876.7268376720563,5,23,632.4762808128535,0
2589.633134964595,2231.6178093341487,4,21,-358.0153256304461,1
2250.7140860782165,2443.9385067515923,4,23,193.2244206733758,0
2426.7978873119673,2368.0806825177474,3,20,-58.717204794219924,0
3578.981616608289,2934.0933653061197,2,17,-644.8882513021695,1
2917.7021592996853,2558.9664329534726,4,17,-358.7357263462127,1
2702.141102678258,2809.5533618405907,4,18,107.4122591623327,0
1697.8549979227932,2054.3318880889083,3,22,356.476890166115,0
1719.3889192290555,2580.1150797607775,4,21,860.7261605317219,0
2479.2279109900633,2766.889238687031,2,19,287.6613276969679,0
2440.2331012515497,2524.6851967826274,3,22,84.4520955310777,1
2424.7723016591317,2819.644112519605,2,19,394.8718108604735,0
2292.310678132966,2344.813464969888,2,18,52.50278683692204,0
2953.5449852391816,2922.804232055674,3,18,-30.740753183507422,1
3099.7270443625434,3189.669437085775,4,23,89.94239272323148,0
2131.147399538718,2391.1484318681023,2,20,260.0010323293841,0
2433.8111123664594,2366.3492435797684,2,18,-67.46186878669096,1
3112.7916029630737,2936.01534313531,2,18,-176.77625982776362,1
2537.7120127420753,2973.871643719214,2,19,436.1596309771385,0
2907.514943752528,2343.1419918540196,3,20,-564.3729518985083,0
2334.5087019575385,2373.943954871243,3,18,39.43525291370452,0
2423.004466519787,2415.4646173418478,5,22,-7.539849177939232,0
2379.9506159923394,2096.664846689717,5,18,-283.2857693026226,1
2317.690868560141,2224.4044160547405,2,20,-93.28645250540058,1
2580.012423539678,2198.7577699743797,4,23,-381.2546535652982,1
2384.510396549491,2269.6607304687614,2,21,-114.84966608072955,1
2244.6195839277907,2489.5945337839657,4,20,244.97494985617504,0
2714.8658298433966,2570.264419760956,2,19,-144.60141008244045,1
2507.6596649159587,2965.1501478442233,5,21,457.49048292826456,0
2243.917670088972,2200.4937877783627,5,22,-43.423882310609315,1
2782.0047232851907,2795.296719542975,4,17,13.291996257784376,0
2352.5566038233314,2435.803346732347,2,20,83.24674290901567,0
2433.7458825286976,2485.16088710427,4,23,51.41500457557231,0
1949.7062294509255,2702.4458476499813,5,19,752.7396181990557,0
1943.6934304349256,2163.1833935313102,2,22,219.4899630963846,0
2651.8608843116613,2614.7229238552154,2,21,-37.13796045644585,1
2613.878219262877,2549.9356624639167,4,22,-63.94255679896014,1
2236.6653228320615,2647.7353792024446,3,20,411.0700563703831,1
3093.0337295182258,2586.7505931723454,4,18,-506.2831363458804,1
2853.5300607142,3200.0,5,23,346.46993928580014,0
2696.4608849353,2308.678004724605,5,20,-387.78288021069466,1
2511.5786582481287,2340.7009134994546,5,17,-170.8777447486741,1
2054.5669181350495,2313.0578420725706,5,20,258.4909239375211,0
3043.4812212957286,2333.3568642519235,5,21,-710.124357043805,1
1831.3291291054525,2308.7838618080445,3,21,477.4547327025921,0
3224.366628776266,2856.7049593322654,2,20,-367.66166944400084,1
3326.384201614148,2926.1512743969565,4,21,-400.23292721719145,0
2060.528028244499,2328.7761118751573,4,18,268.24808363065813,0
2807.2794480944626,2250.293328068731,5,22,-556.9861200257315,1
2541.40606107634,2641.424666915921,4,20,100.01860583958114,1
2449.8105384276514,2334.3330867157088,5,23,-115.47745171194265,1
2794.0082808351417,2689.8795453266534,3,18,-104.12873550848826,1
2507.1534096671708,2560.8769062553897,3,22,53.72349658821895,0
2369.600074764743,2045.2767655008304,2,23,-324.32330926391273,1
3281.6470486199037,2964.2515603990187,3,23,-317.395488220885,1
2339.350512633384,3038.7633019286563,3,23,699.4127892952724,0
2837.899490005945,2316.163392854684,2,22,-521.7360971512612,1
1718.692736804935,2383.6895320192048,4,18,664.9967952142697,0
2998.7780989541347,2585.7596172174717,5,23,-413.01848173666303,1
3051.019091727141,2600.3370369961076,5,23,-450.68205473103353,1
2261.17670971577,2697.5632818018494,4,19,436.38657208607947,0
2938.7356464480713,3103.061361629905,2,20,164.32571518183386,0
2004.633964357411,2446.9158317517854,4,22,442.28186739437433,0
2174.54241452297,2260.510826638464,3,22,85.96841211549417,0
1962.9905179213454,2086.204231595642,2,21,123.21371367429651,0
2592.5852009251603,2280.720988017424,2,22,-311.86421290773615,1
3014.185406585704,2490.061908137861,2,18,-524.1234984478433,1
3596.6408833713185,3038.3673590553362,5,22,-558.2735243159823,1
2119.849399657828,2344.716610289149,4,19,224.86721063132063,0
2483.4476359938585,2567.1363854916694,2,20,83.68874949781093,0
1821.6978542897941,2495.073131178174,2,20,673.3752768883801,0
2534.1699554359498,2856.517982034425,2,22,322.34802659847537,0
3585.940653238983,3200.0,4,23,-385.94065323898303,1
2986.9724975431964,2340.7393681239037,5,17,-646.2331294192927,1
1859.4286184925645,2353.1681672445334,3,17,493.73954875196887,0
2576.262559459564,2813.2482631207217,5,23,236.9857036611579,1
2694.0051441043224,2704.5674468878933,2,23,10.562302783570885,0
3166.0766612486527,3054.01219772081,5,23,-112.06446352784269,1
2351.3370476291307,2675.1784555977893,5,18,323.8414079686586,0
2561.8367905495184,2392.2123727638823,3,17,-169.62441778563607,1
2487.6607103793262,2677.1964492076927,4,23,189.53573882836645,0
2826.830165823561,2832.6110741748726,4,18,5.780908351311609,0
2964.658353560689,2746.144654359209,5,21,-218.51369920148,1
2654.7511172565646,2652.1822093321894,5,18,-2.568907924375253,0
2645.448050666119,2820.002406876746,4,17,174.55435621062725,0
2806.944755563369,2850.7886771337016,4,22,43.84392157033244,0
2879.302513629124,2914.647697311258,3,21,35.34518368213412,0
2546.6085543240415,2694.6129662768926,2,17,148.00441195285111,0
2346.346150838103,2449.8645759049436,5,18,103.51842506684079,0
3183.4729741318833,2544.0141059299967,4,19,-639.4588682018866,1
3086.3204691290025,2861.952689952507,5,20,-224.36777917649533,1
2136.727171492165,2254.919298703829,5,17,118.19212721166423,0
2889.3837544661646,2610.6019926618706,4,23,-278.7817618042941,1
2248.470560399388,2381.998356301792,3,18,133.5277959024038,0
2977.8733019151014,2508.623446880445,5,23,-469.2498550346563,1
3031.392435661427,2883.5355587821896,3,23,-147.85687687923746,1
2514.408862804279,2557.329720405971,4,23,42.92085760169175,0
2693.0177347709555,2513.9309644468444,2,23,-179.08677032411106,1
1463.6926968786247,2092.0431577060244,2,23,628.3504608273997,0
2273.169082244244,2723.876069808166,5,21,450.7069875639222,0
2216.0752517827004,2693.6452543423225,4,17,477.570002559622,0
3206.1536548971208,3148.976416991638,3,17,-57.1772379054828,1
3100.6725293081363,2407.6665295140997,5,20,-693.0059997940366,1
3458.2651567762346,2565.745098299182,4,18,-892.5200584770528,1
2830.0355456895295,2574.8151051132268,4,19,-255.22044057630274,1
3173.5737739068254,2973.2359839290425,3,21,-200.3377899777829,1
1750.9882466228187,2471.4113402839143,5,18,720.4230936610957,1
2366.636937837493,2583.7064577311016,4,21,217.06951989360869,0
2367.2554521516663,2682.368952914962,4,17,315.11350076329563,0
2307.643697646461,2555.9827369469076,4,23,248.33903930044653,0
2298.8123882009254,2366.0699156348414,3,20,67.25752743391604,0
2369.390766790641,2558.226997869492,5,20,188.83623107885114,0
2030.3696008076165,2822.0895249579316,5,22,791.7199241503151,0
2491.2095126236954,2192.045410176682,5,19,-299.16410244701365,1
2110.7936919481403,2539.890902244063,5,20,429.09721029592265,0
2385.662501162708,2289.963755518248,2,23,-95.6987456444599,1
3688.147056577442,2858.5139886774527,2,17,-829.6330678999893,1
1675.2900919302983,2043.0439285648677,5,19,367.7538366345693,0
1320.2084367199914,2332.3234458185234,3,18,1012.115009098532,0
2498.761873767312,2613.163562519356,2,23,114.40168875204427,0
3410.0410627697306,2969.657208770302,4,23,-440.38385399942854,1
3263.613903366341,2480.2749216781035,2,20,-783.3389816882377,1
1841.6203042110737,2333.4401419920405,4,19,491.81983778096674,0
3263.0268101267857,3064.347120832177,5,17,-198.67968929460858,1
1879.4716471631052,2065.5958298751266,2,22,186.12418271202137,0
1797.978871292321,1840.3582130139753,3,21,42.37934172165433,0
3689.741673822814,2632.004335016,2,21,-1057.737338806814,1
1748.1956013361555,2349.3837326942166,2,17,601.1881313580611,0
2295.1260194586157,2193.630154860786,2,17,-101.4958645978295,1
2899.584202895979,2712.506934189806,5,21,-187.07726870617307,1
3007.4547441070986,2573.1402141313597,3,22,-434.3145299757389,1
2369.96967216734,2330.7764107789817,2,19,-39.19326138835822,1
2239.1288962003723,2115.9086803987316,3,21,-123.22021580164073,1
2605.0777715153267,2761.7371984840433,5,17,156.65942696871662,0
2802.711129885641,2695.0603533875983,4,20,-107.65077649804289,1
2332.970330667221,2470.247240866185,2,18,137.2769101989643,0
3302.61985475672,3053.9910988142997,3,22,-248.6287559424204,1
2031.1304356847008,2178.9745701021543,3,23,147.84413441745346,0
2193.182606283453,2042.3424487225784,5,22,-150.84015756087456,1
2280.7224535616356,2292.427579035627,2,20,11.705125473991302,0
2936.744295402218,2486.3241950933507,4,20,-450.4201003088674,1
2552.444345361413,2573.0018347968075,3,23,20.557489435394473,0
1718.4161953603484,2427.629182643101,2,17,709.2129872827527,1
3110.385219239886,2605.616618954289,4,21,-504.7686002855967,1
1762.245252397819,2124.5381727428667,3,19,362.2929203450476,0
2671.6228457624497,2933.129381221978,3,22,261.5065354595281,0
2237.0901288648324,2475.3546464822293,4,23,238.2645176173969,0
3384.963986744765,2835.1887494764383,4,22,-549.7752372683267,1
1748.547918321833,2602.8176039133114,5,20,854.2696855914783,0
3892.1253792101325,2637.025965746135,2,21,-1255.0994134639973,1
3093.352907696082,2670.930184069661,2,22,-422.422723626421,1
2723.608133656858,2634.3125680051944,5,19,-89.29556565166376,1
2670.8592277137486,2692.8168279602633,3,20,21.95760024651463,0
3012.9673889827923,2898.7457590397294,4,19,-114.22162994306291,1
2767.4053222621765,2558.956350910441,4,21,-208.4489713517355,0
2970.787361656576,2712.7011272765535,4,22,-258.0862343800227,1
2695.321078115211,2473.079291713832,3,18,-222.24178640137916,1
2967.867437136941,2932.0351646348417,4,22,-35.832272502099386,1
2218.1469412592887,2297.082309382219,4,21,78.93536812293041,1
2979.77281641184,3040.2821298732447,5,22,60.50931346140487,0
2409.9893026656246,2487.952614806697,3,23,77.96331214107249,1
2524.275508111411,2070.7674693645854,2,22,-453.5080387468256,0
2775.8540133855813,2538.4313244732366,5,17,-237.4226889123447,1
1119.5290488918238,2295.684502757536,5,22,1176.1554538657122,0
3014.5533753085215,2752.193064696617,2,22,-262.3603106119044,1
2382.1072840967927,2304.212806209283,5,19,-77.89447788750977,1
2358.661467457207,2366.144970035566,3,18,7.483502578359094,0
1777.7303994807864,1933.1377807163408,4,19,155.40738123555434,0
2813.9531922196825,2364.308104225277,3,19,-449.64508799440546,1
2179.010584849143,1800.0,2,20,-379.010584849143,1
1715.6780858248394,2024.829152954283,2,17,309.1510671294436,0
2890.945311693103,2728.124396843289,5,19,-162.82091484981402,1
2347.077353778735,2735.7400475952495,3,23,388.66269381651455,0
2075.7900026199172,2627.6372685354895,3,21,551.8472659155723,0
1959.22026722525,2209.907157061236,2,23,250.686889835986,0
2830.6439821105096,2485.686593157406,3,21,-344.9573889531034,1
2880.169256423264,2498.9192382728293,2,22,-381.2500181504347,1
2357.7247612811543,2152.490593242237,3,20,-205.23416803891723,1
3241.057805269344,2951.019490530145,3,17,-290.038314739199,1
2969.6800020186847,2763.2086871727015,3,23,-206.47131484598322,1
2177.1181097619196,2433.7107478511007,2,17,256.59263808918104,0
2680.8347695679354,2508.0657516983592,5,23,-172.76901786957615,1
2882.6786524753384,2562.5148423842656,3,22,-320.1638100910727,1
2189.1960713981425,1887.4795394727128,2,21,-301.71653192542976,1
2901.412133833678,2425.8467852438207,2,18,-475.5653485898574,1
2578.726264481086,2295.4047256006606,3,20,-283.3215388804256,1
2340.0932800481587,2199.5139970315254,3,23,-140.57928301663333,1
2843.7300074607847,2415.6699121342135,5,23,-428.0600953265712,1
3028.697454355233,3039.305958054857,2,22,10.60850369962418,0
2339.502997889016,2692.252858380103,2,20,352.749860491087,0
2263.419517487656,2328.646303065161,4,21,65.22678557750532,0
2373.813776484268,2671.7748344068477,2,21,297.9610579225796,0
